{
  "num_valid": 130,
  "num_total": 130,
  "final_file": {
    "coverage": 0.8840579710144928,
    "precision": 0.025885847655421176
  },
  "final_symbol": {
    "coverage": 0.23542600896860988,
    "precision": 0.04895865713397576
  },
  "final_span": {
    "coverage": 0.2342645619203947,
    "precision": 0.07139327982140806
  },
  "final_line": {
    "coverage": 0.21231808731808732,
    "precision": 0.09051026964748632
  },
  "traj_auc_file": 0.8754690013858009,
  "traj_redundancy_file": 0.23349057139361923,
  "traj_auc_symbol": 0.4612570235237752,
  "traj_redundancy_symbol": 0.09862404794301508,
  "traj_auc_span": 0.09819627139890554,
  "traj_redundancy_span": 0.06044679144784637,
  "traj_auc_line": 0.06908806213917272,
  "traj_redundancy_line": 0.06156490657903856,
  "editloc": {
    "metric_kind": "legacy_init_context_editloc",
    "deprecated": true,
    "recall": 0.02998960498960499,
    "precision": 0.7322335025380711
  },
  "patch_editloc": {
    "status": "available",
    "recall": 0.4376899696048632,
    "precision": 0.3779527559055118,
    "f1": 0.4056338028169014,
    "intersection": 432,
    "gold_size": 987,
    "pred_size": 1143,
    "available_instances": 130,
    "unavailable_instances": 0
  },
  "error_counts": {},
  "error_count": 0,
  "has_errors": false,
  "scope": "converted_predictions",
  "prediction_count": 130,
  "evaluated_prediction_count": 130,
  "selected_task_count": 130,
  "coverage_of_attempted_tasks": 1.0,
  "missing_prediction_count": 0,
  "is_partial": false,
  "input_fingerprint": "e8f5659f11b3d348abb25d5148f874c5ff61c8da6bcd5dd9fdd5184e651fb8ab",
  "fingerprint_version": 4
}
