{
  "num_valid": 120,
  "num_total": 120,
  "final_file": {
    "coverage": 0.8830645161290323,
    "precision": 0.02520428127517551
  },
  "final_symbol": {
    "coverage": 0.24895222129086336,
    "precision": 0.052603613177470775
  },
  "final_span": {
    "coverage": 0.2247226816795399,
    "precision": 0.06929918398327348
  },
  "final_line": {
    "coverage": 0.20134111798369847,
    "precision": 0.08709895221185826
  },
  "traj_auc_file": 0.8772803243368259,
  "traj_redundancy_file": 0.23081059759090752,
  "traj_auc_symbol": 0.46937847937746785,
  "traj_redundancy_symbol": 0.09316566051868463,
  "traj_auc_span": 0.09822830230305726,
  "traj_redundancy_span": 0.055190443252297175,
  "traj_auc_line": 0.0693126313745292,
  "traj_redundancy_line": 0.055435706962242155,
  "editloc": {
    "metric_kind": "legacy_init_context_editloc",
    "deprecated": true,
    "recall": 0.030753222729637552,
    "precision": 0.7208672086720868
  },
  "patch_editloc": {
    "status": "available",
    "recall": 0.4330011074197121,
    "precision": 0.3685202639019793,
    "f1": 0.39816700610997974,
    "intersection": 391,
    "gold_size": 903,
    "pred_size": 1061,
    "available_instances": 120,
    "unavailable_instances": 0
  },
  "error_counts": {},
  "error_count": 0,
  "has_errors": false,
  "scope": "converted_predictions",
  "prediction_count": 120,
  "evaluated_prediction_count": 120,
  "selected_task_count": 120,
  "coverage_of_attempted_tasks": 1.0,
  "missing_prediction_count": 0,
  "is_partial": false,
  "input_fingerprint": "38a1359ecc2115b17f6e986cd36edaf279a1a168ee52b5522e3ec28f0b933427",
  "fingerprint_version": 4
}
