{
  "num_valid": 121,
  "num_total": 121,
  "final_file": {
    "coverage": 0.8835341365461847,
    "precision": 0.02529026324864927
  },
  "final_symbol": {
    "coverage": 0.24833333333333332,
    "precision": 0.05276203966005666
  },
  "final_span": {
    "coverage": 0.220766853849125,
    "precision": 0.0688464227258471
  },
  "final_line": {
    "coverage": 0.19857792946530148,
    "precision": 0.08659522746440443
  },
  "traj_auc_file": 0.8766416439704058,
  "traj_redundancy_file": 0.23126434707953047,
  "traj_auc_symbol": 0.46549931839087716,
  "traj_redundancy_symbol": 0.09459257890125854,
  "traj_auc_span": 0.09741649815179233,
  "traj_redundancy_span": 0.05643693455626925,
  "traj_auc_line": 0.0687397997102769,
  "traj_redundancy_line": 0.05673547122140083,
  "editloc": {
    "metric_kind": "legacy_init_context_editloc",
    "deprecated": true,
    "recall": 0.03031854379977247,
    "precision": 0.7212449255751014
  },
  "patch_editloc": {
    "status": "available",
    "recall": 0.4336283185840708,
    "precision": 0.36876763875823143,
    "f1": 0.39857651245551595,
    "intersection": 392,
    "gold_size": 904,
    "pred_size": 1063,
    "available_instances": 121,
    "unavailable_instances": 0
  },
  "error_counts": {},
  "error_count": 0,
  "has_errors": false,
  "scope": "converted_predictions",
  "prediction_count": 121,
  "evaluated_prediction_count": 121,
  "selected_task_count": 121,
  "coverage_of_attempted_tasks": 1.0,
  "missing_prediction_count": 0,
  "is_partial": false,
  "input_fingerprint": "a34e2ea3d3a035b07d329e25983b496477264111b1e7e6bd9856571a57c50e3b",
  "fingerprint_version": 4
}
