{
  "num_valid": 135,
  "num_total": 135,
  "final_file": {
    "coverage": 0.8815331010452961,
    "precision": 0.026002055498458375
  },
  "final_symbol": {
    "coverage": 0.23439767779390422,
    "precision": 0.04533969679955081
  },
  "final_span": {
    "coverage": 0.23443243307589648,
    "precision": 0.06860135537616159
  },
  "final_line": {
    "coverage": 0.21260847371107708,
    "precision": 0.08692113446167331
  },
  "traj_auc_file": 0.8745668573015531,
  "traj_redundancy_file": 0.2346938971915608,
  "traj_auc_symbol": 0.46005345538440146,
  "traj_redundancy_symbol": 0.09865028410701601,
  "traj_auc_span": 0.09696437478503825,
  "traj_redundancy_span": 0.059919438049468615,
  "traj_auc_line": 0.0683080302134067,
  "traj_redundancy_line": 0.06102681380382034,
  "editloc": {
    "metric_kind": "legacy_init_context_editloc",
    "deprecated": true,
    "recall": 0.030117406840224605,
    "precision": 0.6924882629107981
  },
  "patch_editloc": {
    "status": "available",
    "recall": 0.43781094527363185,
    "precision": 0.35859820700896494,
    "f1": 0.3942652329749104,
    "intersection": 440,
    "gold_size": 1005,
    "pred_size": 1227,
    "available_instances": 135,
    "unavailable_instances": 0
  },
  "error_counts": {},
  "error_count": 0,
  "has_errors": false,
  "scope": "converted_predictions",
  "prediction_count": 135,
  "evaluated_prediction_count": 135,
  "selected_task_count": 135,
  "coverage_of_attempted_tasks": 1.0,
  "missing_prediction_count": 0,
  "is_partial": false,
  "input_fingerprint": "d7c31648ae62405367afc67c806aef3930f3d82f3db4aa68df761b2ebf3f685a",
  "fingerprint_version": 4
}
