{
  "num_valid": 121,
  "num_total": 121,
  "final_file": {
    "coverage": 0.8514056224899599,
    "precision": 0.022936276100833063
  },
  "final_symbol": {
    "coverage": 0.23916666666666667,
    "precision": 0.047126436781609195
  },
  "final_span": {
    "coverage": 0.26106604866743915,
    "precision": 0.08071107534852447
  },
  "final_line": {
    "coverage": 0.24379977246871445,
    "precision": 0.1016000948204338
  },
  "traj_auc_file": 0.5428227994887369,
  "traj_redundancy_file": 0.21279293473495411,
  "traj_auc_symbol": 0.2743620856024349,
  "traj_redundancy_symbol": 0.06978879346895511,
  "traj_auc_span": 0.05320665745039815,
  "traj_redundancy_span": 0.037409275987778275,
  "traj_auc_line": 0.037922356261152,
  "traj_redundancy_line": 0.037875842948373664,
  "editloc": {
    "metric_kind": "legacy_init_context_editloc",
    "deprecated": true,
    "recall": 0.029692832764505118,
    "precision": 0.6675191815856778
  },
  "patch_editloc": {
    "status": "available",
    "recall": 0.43805309734513276,
    "precision": 0.37043966323666977,
    "f1": 0.40141915864166244,
    "intersection": 396,
    "gold_size": 904,
    "pred_size": 1069,
    "available_instances": 121,
    "unavailable_instances": 0
  },
  "error_counts": {},
  "error_count": 0,
  "has_errors": false,
  "scope": "converted_predictions",
  "prediction_count": 121,
  "evaluated_prediction_count": 121,
  "selected_task_count": 121,
  "coverage_of_attempted_tasks": 1.0,
  "missing_prediction_count": 0,
  "is_partial": false,
  "input_fingerprint": "fada02615049a4ed3cd5157c3ff604b75c2cedad04c2b627ef541d57158755e1",
  "fingerprint_version": 4
}
