{
  "num_valid": 135,
  "num_total": 135,
  "final_file": {
    "coverage": 0.8571428571428571,
    "precision": 0.022716779019300026
  },
  "final_symbol": {
    "coverage": 0.23947750362844702,
    "precision": 0.05018248175182482
  },
  "final_span": {
    "coverage": 0.27168031447946744,
    "precision": 0.0805509727003882
  },
  "final_line": {
    "coverage": 0.25191424196018375,
    "precision": 0.10058906259554433
  },
  "traj_auc_file": 0.5539362264857133,
  "traj_redundancy_file": 0.21364063569197408,
  "traj_auc_symbol": 0.2766585361105296,
  "traj_redundancy_symbol": 0.07753193870687175,
  "traj_auc_span": 0.056562163615357444,
  "traj_redundancy_span": 0.04585982518876746,
  "traj_auc_line": 0.04040600783940787,
  "traj_redundancy_line": 0.045183973167139395,
  "editloc": {
    "metric_kind": "legacy_init_context_editloc",
    "deprecated": true,
    "recall": 0.027973455844818786,
    "precision": 0.6618357487922706
  },
  "patch_editloc": {
    "status": "available",
    "recall": 0.41592039800995023,
    "precision": 0.35972461273666095,
    "f1": 0.3857868020304569,
    "intersection": 418,
    "gold_size": 1005,
    "pred_size": 1162,
    "available_instances": 135,
    "unavailable_instances": 0
  },
  "error_counts": {},
  "error_count": 0,
  "has_errors": false,
  "scope": "converted_predictions",
  "prediction_count": 135,
  "evaluated_prediction_count": 135,
  "selected_task_count": 135,
  "coverage_of_attempted_tasks": 1.0,
  "missing_prediction_count": 0,
  "is_partial": false,
  "input_fingerprint": "e30c49d860110a91f1f06ea7edaf95517a8749b820e28515b32b7670f2b86071",
  "fingerprint_version": 4
}
