{
  "num_valid": 120,
  "num_total": 120,
  "final_file": {
    "coverage": 0.8508064516129032,
    "precision": 0.022892481284582836
  },
  "final_symbol": {
    "coverage": 0.23889354568315171,
    "precision": 0.04681340341655716
  },
  "final_span": {
    "coverage": 0.2628674183219776,
    "precision": 0.08000689097434775
  },
  "final_line": {
    "coverage": 0.24527429331175213,
    "precision": 0.10107675449044738
  },
  "traj_auc_file": 0.542584418055905,
  "traj_redundancy_file": 0.21397097109584065,
  "traj_auc_symbol": 0.27664843631578856,
  "traj_redundancy_symbol": 0.07037036674786307,
  "traj_auc_span": 0.0536500462624848,
  "traj_redundancy_span": 0.03772101995434309,
  "traj_auc_line": 0.0382383758966616,
  "traj_redundancy_line": 0.038191474972943444,
  "editloc": {
    "metric_kind": "legacy_init_context_editloc",
    "deprecated": true,
    "recall": 0.030117347823573618,
    "precision": 0.6670934699103713
  },
  "patch_editloc": {
    "status": "available",
    "recall": 0.4374307862679956,
    "precision": 0.3701968134957826,
    "f1": 0.4010152284263959,
    "intersection": 395,
    "gold_size": 903,
    "pred_size": 1067,
    "available_instances": 120,
    "unavailable_instances": 0
  },
  "error_counts": {},
  "error_count": 0,
  "has_errors": false,
  "scope": "converted_predictions",
  "prediction_count": 120,
  "evaluated_prediction_count": 120,
  "selected_task_count": 120,
  "coverage_of_attempted_tasks": 1.0,
  "missing_prediction_count": 0,
  "is_partial": false,
  "input_fingerprint": "f32b81785762416414c59b5a873fab7c9333cda1346233e933efe56625126d9a",
  "fingerprint_version": 4
}
