{
  "num_valid": 130,
  "num_total": 130,
  "final_file": {
    "coverage": 0.8514492753623188,
    "precision": 0.022762495156915925
  },
  "final_symbol": {
    "coverage": 0.23916292974588937,
    "precision": 0.050673000791765635
  },
  "final_span": {
    "coverage": 0.27160033340559814,
    "precision": 0.08391526638700597
  },
  "final_line": {
    "coverage": 0.2512993762993763,
    "precision": 0.10469220275859083
  },
  "traj_auc_file": 0.5472942521491541,
  "traj_redundancy_file": 0.2132237933210623,
  "traj_auc_symbol": 0.2749943131710489,
  "traj_redundancy_symbol": 0.0758961228740598,
  "traj_auc_span": 0.05600974273504583,
  "traj_redundancy_span": 0.04528670921239007,
  "traj_auc_line": 0.03981017517235187,
  "traj_redundancy_line": 0.04443097830354565,
  "editloc": {
    "metric_kind": "legacy_init_context_editloc",
    "deprecated": true,
    "recall": 0.028014553014553016,
    "precision": 0.672069825436409
  },
  "patch_editloc": {
    "status": "available",
    "recall": 0.4194528875379939,
    "precision": 0.36964285714285716,
    "f1": 0.39297579496915047,
    "intersection": 414,
    "gold_size": 987,
    "pred_size": 1120,
    "available_instances": 130,
    "unavailable_instances": 0
  },
  "error_counts": {},
  "error_count": 0,
  "has_errors": false,
  "scope": "converted_predictions",
  "prediction_count": 130,
  "evaluated_prediction_count": 130,
  "selected_task_count": 130,
  "coverage_of_attempted_tasks": 1.0,
  "missing_prediction_count": 0,
  "is_partial": false,
  "input_fingerprint": "bc114b128d2b5f15ce87efe4f41f2c191d0cd8f89333343cfc9378541e832a1f",
  "fingerprint_version": 4
}
